{"accuracy": [0.6114374995231628], "loss": [1.2982929944992065], "val_accuracy": [0.8372410535812378], "val_loss": [0.5061125755310059]}